,runtime,steering_angles,velocities
0,1.8000000000000005,"[-0.4922054708003998, 0.0026598440017551184, -0.0033388216979801655, -0.0008624574984423816, 0.0031775764655321836, 0.024761639535427094, -0.0068690357729792595, -0.00010448473040014505, -0.0051133339293301105, -0.12230558693408966, -0.010776461102068424, 0.0031231676694005728, -0.0002300242194905877, 0.004605256021022797, -0.0014899612870067358, 0.006741520948708057, -0.14489294588565826, 0.16650226712226868]","[10, 10, 10, 10, 10, 10, 10, 10, 10, 10, 10, 10, 10, 10, 10, 10, 10, 10]"
1,1.3,"[-0.00457137543708086, -0.01189922820776701, 0.006919480860233307, -0.011398127302527428, -0.061402708292007446, 0.09317902475595474, 0.06427618116140366, 0.2691473662853241, 0.007996497675776482, 0.002614430384710431, -0.0015836006496101618, -0.46147191524505615, -0.009704452939331532]","[10, 10, 10, 10, 10, 10, 10, 10, 10, 10, 10, 10, 10]"
2,0.4,"[-0.0017887763679027557, 0.03608842194080353, -0.01228073239326477, -0.009757045656442642]","[10, 10, 10, 10]"
3,0.1,[-0.007526793517172337],[10]
4,0.4,"[-0.009832043200731277, -0.0015504537150263786, -0.010045787319540977, -0.012912910431623459]","[10, 10, 10, 10]"
5,0.1,[-0.009689304046332836],[10]
