,runtime,steering_angles,velocities
0,1.7000000000000004,"[0.0452706478536129, 0.0452706478536129, 0.0452706478536129, 0.0452706478536129, 0.0452706478536129, 0.0452706478536129, 0.0452706478536129, 0.0452706478536129, 0.0452706478536129, 0.0452706478536129, 0.0452706478536129, 0.0452706478536129, 0.0452706478536129, 0.0452706478536129, 0.0452706478536129, 0.0452706478536129, 0.0452706478536129]","[10, 10, 10, 10, 10, 10, 10, 10, 10, 10, 10, 10, 10, 10, 10, 10, 10]"
1,0.1,[0.0452706478536129],[10]
